Month,RTGS_vol,RTGS_val,CCIL_vol,CCIL_val,Paper_vol,Paper_val,Retail_vol,Retail_val,IMPS_vol,IMPS_val,NACH_vol,NACH_val,AllCards_vol,AllCards_val,CreditCards_vol,CreditCards_val,CreditCardsATM_vol,CreditCardsATM_val,CreditCardsPOS_vol,CreditCardsPOS_val,DebitCards_vol,DebitCards_val,DebitCardsATM_vol,DebitCardsATM_val,DebitCardsPOS_vol,DebitCardsPOS_val,PPI_vol,PPI_val,mBanking_vol,mBanking_val,CardsTotalNumber,CreditCardsNumber,DebitCardsNumber,ATMNumber,POSNumber,DigitalGrantTotal_vol,DigitalGrandTotal_val
Aug-2018,11.01,"138,236.20",0.30,"91,744.59",91.11,"6,427.01",587.20,"21,071.67",133.58,"1,237.34",259.96,"1,111.87","1,307.74","3,733.16",145.04,483.68,0.84,3.86,144.20,479.82,"1,162.69","3,249.48",805.52,"2,759.76",357.17,489.72,372.94,189.81,365.79,"2,069.27","1,021.22",41.03,980.19,"228,422.00","3,332,484.00","2,370.29","232,380.35"
Jul-2018,10.97,"138,628.54",0.31,"95,221.90",95.38,"6,833.38",564.94,"19,621.33",127.38,"1,171.67",256.35,"1,114.09","1,294.92","3,648.13",145.81,481.31,0.80,3.72,145.01,477.58,"1,149.11","3,166.82",781.76,"2,683.76",367.35,483.06,351.80,175.19,340.49,"2,091.86","1,002.15",40.15,962.00,"227,586.00","3,268,817.00","2,318.31","237,512.84"
Jun-2018,11.43,"142,541.58",0.30,"92,619.44",97.30,"7,196.71",533.59,"21,261.25",120.49,"1,130.12",235.41,"1,100.94","1,248.26","3,626.27",136.73,466.29,0.75,3.53,135.98,462.76,"1,111.53","3,159.98",752.71,"2,680.75",358.82,479.23,332.95,163.46,306.42,"1,894.66",983.64,39.37,944.27,"226,452.00","3,311,184.00","2,223.83","239,066.15"
May-2018,11.49,"132,353.84",0.33,"94,214.93",96.71,"7,215.22",527.20,"19,214.69",116.62,"1,085.75",237.09,966.41,"1,239.21","3,591.91",139.04,476.31,0.75,3.50,138.29,472.81,"1,100.17","3,115.59",748.04,"2,647.51",352.12,468.08,350.36,155.21,267.78,"1,774.47",962.57,38.60,923.96,"226,238.00","3,247,096.00","2,225.29","230,112.88"
Apr-2018,10.66,"120,758.20",0.32,"88,118.72",92.47,"7,271.80",541.12,"18,588.66",109.55,"1,022.40",263.52,"1,227.04","1,225.75","3,554.28",133.05,451.74,0.73,3.40,132.32,448.34,"1,092.70","3,102.54",758.94,"2,647.97",333.77,454.57,326.17,133.80,250.62,"1,348.39",944.14,37.78,906.36,"223,177.00","3,193,356.00","2,196.49","211,713.00"
Mar-2018,12.69,"158,779.65",0.27,"86,985.00",105.65,"7,833.81",539.85,"24,901.84",110.15,"1,038.04",217.31,"1,313.70","1,221.92","3,528.84",128.08,446.77,0.79,3.69,127.29,443.08,"1,093.84","3,082.07",774.94,"2,663.50",318.90,418.57,293.66,118.82,239.90,"1,415.03",898.56,37.48,861.08,"222,247.00","3,083,067.00","2,174.04","249,708.60"
Feb-2018,10.63,"114,123.57",0.28,"85,016.52",93.56,"6,568.54",475.51,"16,678.30",99.25,882.70,210.10,941.95,"1,115.73","3,225.05",115.44,379.81,0.69,3.22,114.75,376.60,"1,000.28","2,845.24",718.28,"2,474.87",282.01,370.37,345.37,149.59,223.25,"1,136.60",892.38,36.94,855.45,"221,687.00","3,079,487.00","2,041.08","203,403.63"
Jan-2018,11.16,"133,665.22",0.35,"101,560.41",99.06,"6,999.49",489.35,"17,087.48",99.56,882.14,218.96,820.57,"1,173.66","3,379.02",130.73,417.78,0.75,3.41,129.98,414.37,"1,042.94","2,961.24",741.56,"2,550.22",301.37,411.03,361.20,147.71,215.01,"1,114.08",882.94,36.24,846.70,"221,620.00","3,061,817.00","2,134.78","236,662.52"
Dec-2017,10.90,"128,098.85",0.28,"88,062.67",96.44,"6,752.50",469.96,"17,464.68",98.01,871.06,202.26,806.34,"1,178.80","3,469.97",124.48,421.98,0.71,3.34,123.77,418.64,"1,054.32","3,047.99",761.93,"2,640.39",292.39,407.60,319.85,143.34,206.52,"1,057.00",877.97,35.50,842.47,"221,832.00","3,027,382.00","2,076.22","216,800.95"
Nov-2017,10.83,"123,579.36",0.33,"101,377.16",98.60,"6,774.71",460.10,"15,620.80",89.49,782.58,207.97,943.02,"1,118.88","3,254.08",116.59,396.17,0.69,3.20,115.90,392.96,"1,002.30","2,857.91",731.33,"2,492.72",270.96,365.19,236.16,133.21,184.97,"1,065.42",867.66,34.78,832.89,"221,350.00","2,998,733.00","1,924.90","225,570.44"
Oct-2017,10.00,"115,808.00",0.27,"86,873.56",96.41,"6,478.86",444.62,"15,598.70",88.12,750.42,197.09,985.45,"1,145.91","3,367.21",124.04,422.60,0.68,3.21,123.36,419.39,"1,021.87","2,944.61",741.87,"2,533.21",280.00,411.40,245.18,116.98,150.68,917.02,860.13,33.87,826.25,"221,314.00","2,958,301.00","1,942.38","204,491.40"
Sep-2017,9.61,"127,730.70",0.30,"92,763.82",94.37,"6,429.99",427.72,"15,624.23",82.85,717.60,186.58,714.06,"1,106.07","3,166.62",113.29,377.76,0.65,3.11,112.63,374.65,992.78,"2,788.86",726.42,"2,419.54",266.36,369.32,240.29,109.77,113.89,862.20,853.11,33.34,819.76,"221,722.00","2,900,038.00","1,878.35","220,442.57"
Aug-2017,9.46,"113,827.58",0.27,"87,499.01",94.81,"6,403.59",442.79,"13,988.09",75.66,651.49,214.77,824.43,"1,102.02","3,075.64",115.99,366.03,0.66,3.05,115.33,362.99,986.03,"2,709.61",718.41,"2,352.96",267.62,356.65,261.14,102.88,98.25,805.06,843.51,32.65,810.87,"222,568.00","2,882,422.00","1,910.48","200,232.60"
Jul-2017,9.38,"110,562.10",0.30,"86,663.63",95.35,"6,572.52",432.20,"13,471.67",69.07,604.76,214.42,843.47,"1,076.55","2,964.22",111.38,342.15,0.61,2.85,110.76,339.30,965.17,"2,622.07",703.91,"2,270.76",261.26,351.31,270.24,98.56,103.54,811.61,836.11,32.06,804.05,"222,653.00","2,840,113.00","1,884.02","196,919.86"
Jun-2017,9.83,"116,200.57",0.30,"90,919.03",95.47,"6,669.43",426.75,"14,113.17",65.84,596.55,207.79,811.05,"1,037.66","2,995.34",110.03,357.50,0.55,2.67,109.47,354.83,927.64,"2,637.83",667.81,"2,256.93",259.83,380.90,255.65,85.07,115.73,"1,807.65",829.02,31.48,797.54,"222,926.00","2,776,949.00","1,825.66","207,594.62"
May-2017,10.43,"113,312.69",0.29,"86,202.69",101.63,"7,100.00",427.36,"13,768.40",66.72,585.59,204.03,760.58,"1,041.19","2,905.71",115.88,364.02,0.55,2.61,115.33,361.41,925.32,"2,541.70",655.47,"2,163.92",269.85,377.78,278.08,106.69,114.26,"2,134.20",821.21,30.86,790.36,"222,813.00","2,692,986.00","1,858.98","200,254.02"
Apr-2017,9.54,"111,743.70",0.25,"80,878.53",99.97,"7,351.49",431.10,"13,700.63",65.08,562.06,222.17,971.50,"1,040.22","2,882.92",107.06,333.76,0.48,2.33,106.58,331.43,933.16,"2,549.17",660.32,"2,168.60",272.84,380.57,352.23,103.71,106.27,"1,612.65",811.17,30.37,780.80,"221,959.00","2,614,584.00","1,933.32","193,429.47"
Mar-2017,12.54,"154,094.85",0.29,"94,415.57",127.98,"8,654.94",446.28,"17,769.89",67.41,564.68,191.01,899.47,"1,089.38","2,952.64",108.10,336.20,0.49,2.29,107.61,333.90,981.28,"2,616.45",710.11,"2,259.46",271.17,356.99,342.09,106.77,113.65,"1,730.88",801.49,29.84,771.65,"222,475.00","2,529,141.00","2,018.57","247,275.65"
Feb-2017,9.11,"95,266.75",0.25,"75,377.92",107.94,"6,406.73",367.54,"12,023.05",59.75,482.21,158.71,653.59,"1,039.67","2,575.77",95.35,288.95,0.42,1.91,94.93,287.04,944.32,"2,286.82",692.57,"1,928.38",251.75,358.43,280.02,96.28,95.41,"1,279.93",788.50,29.08,759.42,"221,302.00","2,224,977.00","1,804.52","170,698.56"
Jan-2017,9.33,"100,602.54",0.32,"88,068.84",131.17,"7,281.23",394.39,"12,459.40",62.42,491.25,166.82,601.14,"1,154.21","2,335.10",113.24,328.62,0.44,1.54,112.80,327.08,"1,040.97","2,006.48",712.35,"1,516.44",328.62,490.04,295.80,110.01,106.13,"1,383.05",807.41,28.85,778.57,"220,402.00","2,015,847.00","1,985.22","187,740.65"
Dec-2016,8.84,"110,980.33",0.31,"95,947.71",138.82,"7,289.40",428.31,"12,683.19",52.78,431.92,208.05,699.24,"1,162.39","1,742.03",116.46,312.37,0.38,0.88,116.08,311.49,"1,045.93","1,429.65",630.47,849.34,415.46,580.31,261.09,97.70,110.64,"1,498.18",792.75,28.32,764.43,"219,793.00","1,767,733.00","1,999.75","201,856.49"
Nov-2016,7.88,"101,894.49",0.35,"97,225.02",93.50,"5,845.13",321.37,"9,817.41",36.17,324.81,161.11,675.44,896.14,"1,823.25",98.31,266.99,0.40,1.39,97.91,265.59,797.82,"1,556.26",561.36,"1,234.52",236.47,321.74,169.32,50.74,87.47,"1,365.70",778.98,27.78,751.20,"219,973.00","1,590,714.00","1,488.55","193,240.74"
Oct-2016,9.01,"97,554.34",0.27,"82,322.56",88.03,"6,501.66",346.46,"10,635.10",42.09,343.57,169.39,768.44,"1,032.14","3,069.65",89.49,302.42,0.62,3.00,88.86,299.42,942.65,"2,767.23",802.06,"2,547.81",140.59,219.41,126.90,60.22,78.12,"1,139.41",775.62,27.34,748.28,"219,578.00","1,512,068.00","1,602.81","179,062.48"
Sep-2016,8.47,"110,564.06",0.31,"97,280.80",85.11,"6,245.11",315.03,"10,770.17",35.93,289.12,157.29,590.36,945.86,"2,623.91",78.53,244.83,0.60,2.85,77.93,241.98,867.33,"2,379.08",742.13,"2,219.76",125.19,159.32,97.07,56.28,72.63,"1,042.60",755.05,26.86,728.20,"218,542.00","1,480,309.00","1,451.85","203,663.63"
Aug-2016,8.56,"98,591.56",0.34,"94,427.60",88.34,"6,460.77",307.56,"9,726.59",33.89,268.49,153.33,681.78,971.87,"2,640.81",84.60,260.53,0.65,3.04,83.95,257.49,887.27,"2,380.28",756.74,"2,196.58",130.53,183.70,96.28,56.46,71.76,"1,038.97",738.84,26.38,712.47,"217,303.00","1,461,972.00","1,472.95","190,900.55"
Jul-2016,8.26,"96,016.24",0.35,"89,800.06",85.89,"6,285.07",336.75,"9,040.82",32.18,251.22,189.60,634.06,961.25,"2,608.91",80.05,246.34,0.61,2.92,79.44,243.41,881.20,"2,362.57",752.13,"2,191.65",129.07,170.92,77.85,53.40,67.47,809.59,723.17,25.94,697.22,"216,030.00","1,443,899.00","1,470.34","182,707.82"
Jun-2016,8.83,"106,101.49",0.31,"87,278.50",86.43,"6,387.78",316.88,"9,622.29",29.68,237.17,166.50,556.96,927.27,"2,601.89",76.90,242.41,0.59,2.86,76.31,239.56,850.37,"2,359.48",732.17,"2,204.48",118.20,155.01,76.98,53.47,63.17,673.48,716.68,25.54,691.14,"215,192.00","1,432,727.00","1,416.69","189,778.96"
May-2016,8.71,"95,526.09",0.29,"81,983.85",85.22,"6,492.15",307.51,"8,533.18",27.66,216.18,160.59,570.30,950.59,"2,609.81",79.06,252.44,0.58,2.84,78.48,249.60,871.54,"2,357.36",737.57,"2,202.22",133.97,155.15,70.95,49.95,61.73,618.13,705.16,25.15,680.01,"214,213.00","1,418,324.00","1,423.27","176,001.51"
Apr-2016,8.33,"86,459.34",0.26,"72,044.93",88.26,"7,108.17",316.89,"9,169.02",26.78,210.44,174.85,585.39,925.10,"2,630.24",73.42,230.11,0.59,2.86,72.83,227.25,851.68,"2,400.13",733.40,"2,252.10",118.28,148.03,69.30,46.72,48.67,524.83,696.05,24.86,671.19,"213,073.00","1,403,438.00","1,408.13","159,410.36"
Mar-2016,9.87,"122,783.80",0.30,"75,011.74",98.05,"7,716.89",328.22,"11,136.33",25.98,198.73,160.26,554.98,917.42,"2,610.20",72.83,229.75,0.61,2.80,72.22,226.94,844.59,"2,380.45",731.72,"2,245.82",112.87,134.63,72.05,57.16,49.48,572.80,686.04,24.51,661.54,"212,061.00","1,385,668.00","1,425.90","196,577.67"
Feb-2016,8.23,"86,727.72",0.27,"67,673.94",87.79,"6,386.65",298.50,"7,985.59",23.86,169.67,151.82,383.89,866.34,"2,479.69",67.63,209.08,0.56,2.70,67.07,206.38,798.70,"2,270.61",693.64,"2,141.00",105.07,129.61,65.37,49.98,44.65,540.00,682.51,24.13,658.38,"210,028.00","1,363,344.00","1,326.49","154,917.76"
Jan-2016,8.22,"82,659.68",0.26,"65,553.48",87.49,"6,376.98",290.25,"7,863.66",22.48,165.59,132.50,440.77,887.73,"2,542.38",70.22,214.39,0.55,2.66,69.68,211.73,817.51,"2,327.99",707.63,"2,181.88",109.88,146.11,65.25,49.09,42.80,465.21,677.15,23.78,653.36,"208,232.00","1,337,310.00","1,339.20","148,903.30"
Dec-2015,8.03,"89,031.27",0.25,"69,114.62",93.75,"6,935.57",299.35,"8,879.97",20.52,150.73,125.56,289.29,886.02,"2,565.13",69.90,214.69,0.53,2.75,69.37,211.94,816.12,"2,350.44",708.00,"2,204.61",108.12,145.83,68.67,44.34,39.49,490.29,665.94,22.75,643.19,"205,328.00","1,245,447.00","1,356.06","156,463.67"
Nov-2015,7.60,"68,045.93",0.20,"54,346.61",81.37,"6,178.45",257.62,"7,066.06",19.08,137.67,116.59,344.14,840.98,"2,509.56",66.53,210.27,0.49,2.58,66.04,207.69,774.45,"2,299.29",674.88,"2,151.14",99.57,148.15,62.66,43.40,40.45,334.71,647.11,22.48,624.63,"203,487.00","1,270,208.00","1,250.44","124,040.11"
Oct-2015,8.34,"80,764.99",0.27,"67,779.96",94.78,"7,034.90",268.99,"7,704.95",19.42,137.04,110.70,404.88,872.69,"2,563.44",69.44,219.08,0.52,2.70,68.92,216.38,803.25,"2,344.36",702.82,"2,205.24",100.43,139.12,61.82,38.07,32.48,305.68,633.66,22.88,610.78,"201,810.00","1,236,933.00","1,306.89","148,486.89"
Sep-2015,7.77,"86,734.41",0.26,"66,121.72",89.01,"6,476.06",245.92,"7,442.00",17.72,120.71,105.81,217.74,808.13,"2,330.71",62.90,192.68,0.48,2.47,62.42,190.22,745.24,"2,138.03",655.22,"2,021.24",90.02,116.79,58.01,40.81,27.11,269.60,625.80,22.45,603.35,"199,727.00","1,212,047.00","1,209.10","151,202.65"
Aug-2015,7.82,"80,895.66",0.28,"66,133.45",91.39,"6,545.05",247.24,"6,762.91",16.65,119.06,111.49,250.25,835.19,"2,411.55",66.00,201.57,0.47,2.44,65.52,199.13,769.19,"2,209.98",672.45,"2,074.42",96.74,135.56,52.95,38.74,25.15,217.93,620.84,22.33,598.51,"199,322.00","1,191,311.00","1,234.87","146,267.93"
Jul-2015,8.25,"86,870.00",0.26,"69,847.28",96.94,"7,098.26",245.97,"6,928.88",15.60,112.17,103.43,265.43,815.38,"2,416.40",65.24,198.48,0.46,2.38,64.79,196.09,750.14,"2,217.92",655.17,"2,077.85",94.97,140.07,64.53,37.92,24.96,235.71,608.80,22.00,586.80,"197,199.00","1,165,325.00","1,231.34","155,218.75"
Jun-2015,8.26,"93,130.00",0.28,"76,446.45",90.30,"6,693.75",228.49,"6,906.62",13.82,103.24,100.44,235.80,768.74,"2,266.52",62.64,174.53,0.44,2.30,62.20,172.23,706.10,"2,091.99",619.47,"1,976.70",86.63,115.29,55.43,32.31,21.82,221.17,597.40,21.64,575.76,"194,601.00","1,137,920.00","1,151.49","166,525.65"
May-2015,8.06,"74,950.00",0.26,"63,693.28",91.13,"6,767.62",219.57,"6,144.27",13.32,106.75,94.52,252.43,786.19,"2,404.97",60.60,190.99,0.47,2.33,60.13,188.66,725.60,"2,213.98",636.63,"2,090.73",88.97,123.25,46.91,28.20,21.36,199.18,592.29,21.48,570.81,"192,742.00","1,132,120.00","1,152.14","139,088.34"
Apr-2015,7.90,"82,958.17",0.23,"65,647.89",94.37,"7,650.61",211.40,"6,586.90",12.37,100.89,90.96,162.23,753.85,"2,297.09",57.74,181.51,0.43,2.29,57.31,179.22,696.11,"2,115.58",615.76,"2,000.73",80.35,114.85,74.36,27.57,19.75,188.62,585.92,21.29,564.64,"190,813.00","1,125,952.00","1,142.11","147,409.88"
Mar-2015,9.67,"106,712.08",0.27,"73,780.35",102.80,"8,027.11",242.07,"7,718.51",12.02,94.15,95.21,144.92,757.66,"2,277.09",57.34,181.33,0.44,2.34,56.91,178.99,700.31,"2,095.76",624.21,"1,987.48",76.11,108.28,54.10,29.80,19.67,168.85,574.56,21.11,553.45,"189,279.00","1,126,735.00","1,166.56","179,254.36"
Feb-2015,7.69,"70,910.56",0.23,"58,540.05",93.66,"6,808.13",208.98,"5,513.03",10.08,75.90,90.27,81.56,688.21,"1,906.21",49.92,156.50,0.37,1.96,49.55,154.55,638.29,"1,749.70",570.39,"1,668.06",67.90,81.64,30.31,24.42,18.53,148.88,558.89,20.86,538.03,"185,813.00","1,095,356.00","1,029.07","130,205.94"
Jan-2015,7.89,"76,635.09",0.30,"70,067.75",97.41,"7,135.01",192.55,"5,532.63",9.33,69.73,73.87,63.84,733.62,"2,213.30",56.58,175.67,0.41,2.14,56.17,173.53,677.04,"2,037.63",602.58,"1,924.68",74.46,112.95,33.49,23.65,18.07,129.17,545.40,20.61,524.79,"183,995.00","1,104,557.00","1,065.27","146,620.35"
Dec-2014,8.19,"84,449.60",0.30,"70,943.42",109.57,"7,488.29",135.67,"6,044.41",8.38,60.36,14.35,79.74,721.21,"2,285.17",56.53,174.38,0.44,2.51,56.09,171.87,664.68,"2,110.79",591.06,"1,999.78",73.62,111.01,28.98,22.67,16.78,113.23,520.44,20.36,500.08,"182,687.00","1,058,642.00","1,003.92","155,527.97"
Nov-2014,7.36,"67,141.64",0.24,"57,250.38",94.65,"6,696.45",111.20,"5,106.72",7.09,52.59,7.82,141.87,684.38,"2,086.79",48.66,151.82,0.39,2.32,48.27,149.50,635.72,"1,934.97",565.62,"1,831.38",70.10,103.59,26.38,18.98,15.28,97.71,486.12,20.14,465.98,"180,488.00","1,124,222.00",924.20,"125,922.79"
Oct-2014,7.21,"69,825.27",0.22,"53,304.41",95.95,"6,843.65",117.20,"5,243.93",6.51,48.99,8.01,120.30,731.32,"2,215.71",54.93,173.14,0.35,1.93,54.58,171.20,676.40,"2,042.57",602.70,"1,923.01",73.69,119.56,31.08,18.17,14.86,90.35,463.98,19.95,444.03,"178,564.00","1,111,576.00",982.99,"124,454.76"
Sep-2014,7.72,"88,111.20",0.27,"67,262.21",103.77,"7,505.49",138.34,"5,868.93",5.80,42.95,15.04,80.95,707.06,"2,105.65",50.50,153.67,0.34,1.84,50.17,151.82,656.56,"1,951.98",591.66,"1,854.65",64.90,97.33,22.84,17.58,13.17,82.68,450.93,19.88,431.04,"176,829.00","1,097,199.00",980.00,"154,289.09"
Aug-2014,6.97,"69,327.09",0.21,"53,810.98",97.84,"6,959.44",110.55,"5,055.57",4.80,35.20,10.11,121.71,705.80,"2,082.38",50.85,152.51,0.32,1.73,50.53,150.78,654.95,"1,929.87",587.33,"1,825.18",67.62,104.69,20.00,14.15,12.24,48.58,443.73,19.78,423.95,"174,136.00","1,083,061.00",941.37,"123,492.79"
Jul-2014,7.55,"72,568.83",0.26,"64,303.13",105.18,"7,528.59",111.37,"4,995.00",4.26,30.19,9.11,104.50,698.84,"2,107.71",51.24,153.80,0.32,1.72,50.92,152.09,647.60,"1,953.90",582.96,"1,854.87",64.64,99.03,18.71,12.89,11.54,44.22,433.53,19.61,413.92,"171,955.00","1,095,901.00",941.91,"136,326.20"
Jun-2014,7.47,"80,264.24",0.27,"68,567.05",95.84,"7,266.08",105.25,"4,889.01",3.71,26.10,6.38,66.79,663.94,"2,035.86",48.57,150.27,0.31,1.67,48.26,148.61,615.37,"1,885.59",555.81,"1,792.85",59.56,92.73,16.58,11.04,10.73,39.85,428.51,19.48,409.03,"169,505.00","1,088,708.00",889.36,"149,012.00"
May-2014,7.80,"72,092.04",0.27,"61,740.06",99.92,"5,110.25",107.04,"4,751.99",3.30,24.16,5.24,119.34,674.90,"2,121.70",47.55,152.13,0.31,1.67,47.24,150.46,627.35,"1,969.57",568.13,"1,873.75",59.22,95.82,16.25,10.19,10.89,38.82,421.11,19.39,401.72,"166,730.00","1,081,466.00",906.17,"132,115.82"
Apr-2014,7.27,"71,295.24",0.20,"52,430.62",99.92,"8,065.63",107.22,"4,645.76",3.11,21.56,4.75,95.37,657.04,"1,977.71",46.74,147.40,0.30,1.63,46.44,145.77,610.30,"1,830.31",554.03,"1,743.46",56.27,86.85,15.73,9.90,10.17,32.96,418.88,19.23,399.65,"164,503.00","1,076,289.00",887.37,"125,239.04"
Mar-2014,8.64,"99,245.04",0.20,"53,576.36",110.50,"8,750.75",122.36,"5,728.81",3.00,20.50,8.18,54.95,674.88,"2,029.02",46.40,147.15,0.30,1.66,46.11,145.49,628.48,"1,881.87",571.50,"1,796.10",56.98,85.77,16.57,9.80,10.74,33.91,413.60,19.18,394.42,"160,055.00","1,065,984.00",933.15,"151,868.58"
Feb-2014,6.65,"64,943.06",0.18,"42,524.90",93.89,"6,901.06",113.77,"4,006.16",2.23,14.56,20.77,46.81,591.49,"1,778.47",41.06,128.33,0.25,1.40,40.81,126.93,550.43,"1,650.14",501.53,"1,575.79",48.90,74.35,14.11,7.58,8.86,26.36,405.63,19.05,386.58,"150,008.00","1,035,623.00",820.09,"108,086.07"
Jan-2014,7.13,"76,978.21",0.23,"53,877.41",104.15,"7,670.85",112.59,"4,218.11",2.03,13.20,17.18,49.66,638.07,"1,950.42",45.85,143.13,0.27,1.51,45.58,141.62,592.22,"1,807.30",538.39,"1,722.32",53.83,84.98,13.46,7.29,9.52,26.25,399.31,18.97,380.33,"145,858.00","1,034,161.00",875.62,"129,645.91"
Dec-2013,7.02,"78,175.06",0.17,"47,819.00",107.12,"8,584.29",100.14,"4,308.84",1.93,11.70,11.49,16.34,628.56,"1,917.54",45.91,136.57,0.27,1.51,45.64,135.07,582.65,"1,780.97",530.35,"1,699.02",52.30,81.94,10.78,7.16,8.89,22.61,391.19,18.69,372.51,"141,516.00","1,025,733.00",853.80,"126,487.20"
Nov-2013,6.38,"65,001.51",0.18,"43,116.68",97.01,"7,151.59",91.48,"3,626.98",1.38,8.82,9.73,9.86,603.94,"1,874.44",42.07,127.89,0.24,1.34,41.84,126.55,561.87,"1,746.55",510.25,"1,662.65",51.62,83.91,9.65,6.20,8.13,19.57,400.21,18.75,381.46,"137,080.00","975,772.00",808.64,"108,281.15"
Oct-2013,6.95,"71,945.40",0.21,"49,084.34",112.73,"8,098.24",99.73,"4,226.54",1.22,7.32,7.48,17.47,638.54,"1,967.03",45.38,136.39,0.25,1.44,45.13,134.95,593.17,"1,830.64",538.65,"1,743.43",54.52,87.21,10.36,6.89,7.79,19.54,392.77,18.58,374.19,"133,313.00","963,491.00",868.52,"122,207.12"
Sep-2013,6.26,"77,271.32",0.20,"51,039.70",98.45,"6,986.96",88.37,"3,761.46",1.02,5.53,4.63,4.29,589.05,"1,742.31",42.04,120.56,0.23,1.33,41.81,119.23,547.01,"1,621.75",493.86,"1,546.67",53.15,75.08,10.80,6.36,7.16,15.66,386.37,18.57,367.79,"130,290.00","995,941.00",793.13,"126,372.01"
Aug-2013,6.21,"67,557.35",0.19,"49,260.43",106.48,"7,481.41",85.34,"3,496.90",0.79,4.71,2.62,3.86,595.52,"1,774.14",43.39,123.43,0.24,1.39,43.15,122.04,552.13,"1,650.71",496.93,"1,570.62",55.20,80.10,10.89,6.07,6.76,14.13,380.78,18.44,362.34,"126,950.00","981,193.00",804.63,"117,102.31"
Jul-2013,6.58,"80,774.86",0.23,"58,250.71",110.60,"7,959.36",84.78,"3,835.15",0.65,3.80,2.78,10.27,583.74,"1,782.64",44.43,126.77,0.23,1.36,44.19,125.41,539.31,"1,655.86",487.15,"1,578.72",52.16,77.15,10.09,6.29,7.03,12.84,374.20,18.78,355.42,"124,072.00","967,740.00",796.02,"134,257.02"
Jun-2013,6.14,"76,755.54",0.24,"53,820.77",103.63,"7,329.46",72.58,"3,566.51",0.47,2.30,1.04,0.79,552.80,"1,758.91",37.02,115.02,0.21,1.27,36.80,113.75,515.79,"1,643.90",468.14,"1,573.14",47.64,70.76,9.04,5.44,6.63,11.48,367.64,19.13,348.51,"121,847.00","947,825.00",744.42,"128,864.53"
May-2013,6.69,"71,678.93",0.30,"64,457.15",103.63,"7,820.92",70.56,"3,544.67",0.38,1.94,0.46,0.17,565.86,"1,817.42",40.51,125.97,0.23,1.33,40.28,124.64,525.35,"1,691.45",477.86,"1,614.37",47.49,77.08,9.19,6.17,6.87,11.94,361.84,19.59,342.25,"118,867.00","929,929.00",756.24,"136,369.44"
Apr-2013,6.46,"74,641.77",0.22,"54,742.18",109.12,"8,581.17",66.63,"3,536.16",0.27,1.44,0.14,0.33,556.67,"1,767.25",37.97,125.51,0.23,1.33,37.74,124.18,518.71,"1,641.74",473.42,"1,565.54",45.29,76.20,8.68,5.78,6.33,9.89,356.42,19.55,336.87,"116,378.00","913,867.00",747.79,"129,693.65"
Mar-2013,7.30,"90,683.94",0.21,"47,793.81",118.75,"9,824.55",73.92,"3,868.68",0.30,1.25,–,–,563.22,"1,735.99",35.84,112.71,0.23,1.49,35.62,111.22,527.38,"1,623.28",482.00,"1,556.41",45.38,66.87,10.35,5.61,6.40,9.92,350.75,19.55,331.20,"114,014.00","854,290.00",773.75,"140,638.19"
Feb-2013,5.82,"63,890.48",0.19,"41,639.11",111.35,"7,615.89",62.21,"2,785.01",0.22,0.87,–,–,501.61,"1,554.00",33.12,102.21,0.20,1.17,32.92,101.04,468.49,"1,451.79",427.80,"1,390.67",40.69,61.13,7.33,4.73,5.44,8.07,344.89,19.24,325.65,"109,629.00","828,115.00",688.50,"106,481.45"
Jan-2013,6.29,"70,454.74",0.26,"49,811.24",108.25,"8,207.81",59.83,"3,032.71",0.15,0.63,–,–,531.84,"1,690.05",37.22,115.15,0.21,1.23,37.01,113.92,494.62,"1,574.90",451.31,"1,494.75",43.31,80.15,6.68,4.91,5.55,6.25,339.39,19.04,320.35,"107,875.00","812,874.00",713.15,"120,748.77"
Dec-2012,6.03,"68,729.93",0.18,"39,703.59",107.82,"7,914.87",57.54,"2,887.24",0.11,0.39,–,–,528.00,"1,642.90",36.32,112.56,0.22,1.24,36.10,111.32,491.68,"1,530.34",448.55,"1,461.25",43.13,69.09,7.18,8.18,5.22,5.98,333.30,18.87,314.44,"105,784.00","799,702.00",706.75,"109,434.69"
Nov-2012,5.55,"56,115.59",0.16,"35,725.63",103.18,"7,660.75",57.61,"2,539.82",0.05,0.26,–,–,508.63,"1,636.40",34.20,112.12,0.21,1.21,34.00,110.91,474.43,"1,524.28",427.53,"1,452.07",46.89,72.20,6.18,8.23,4.72,5.39,328.15,18.67,309.48,"103,968.00","784,642.00",681.31,"94,345.40"
Oct-2012,5.83,"92,276.40",0.19,"42,638.86",119.11,"8,908.21",64.04,"2,786.09",0.05,0.21,–,–,518.46,"1,594.08",35.84,109.93,0.26,1.28,35.58,108.64,482.61,"1,484.15",442.95,"1,416.36",39.66,67.79,5.70,7.22,4.44,4.98,325.37,18.53,306.83,"102,542.00","764,674.00",713.33,"110,393.25"
Sep-2012,5.10,"90,900.45",0.18,"41,943.64",100.74,"7,434.45",58.66,"2,518.12",0.06,0.18,–,–,487.48,"1,458.20",30.63,95.02,0.20,1.35,30.43,93.67,456.85,"1,363.18",420.14,"1,306.75",36.71,56.44,5.12,7.28,3.90,4.10,320.86,18.38,302.48,"101,646.00","741,859.00",657.28,"111,358.70"
Aug-2012,5.13,"83,360.91",0.17,"40,937.52",107.44,"7,825.94",57.91,"2,376.94",0.20,0.15,–,–,495.39,"1,486.05",32.73,97.06,0.21,1.22,32.52,95.84,462.66,"1,388.99",424.66,"1,330.13",38.00,58.86,4.07,6.36,3.97,3.55,316.81,18.24,298.57,"100,620.00","709,478.00",670.11,"104,999.36"
Jul-2012,5.48,"88,298.04",0.19,"41,609.45",113.18,"8,277.00",57.33,"2,399.89",0.04,0.12,–,–,503.92,"1,515.48",33.58,99.94,0.21,1.20,33.37,98.75,470.35,"1,415.53",433.45,"1,357.66",36.90,57.87,3.74,6.52,3.70,3.38,312.23,18.15,294.08,"100,047.00","694,126.00",683.84,"108,543.61"
Jun-2012,5.50,"116,373.57",0.19,"42,960.19",106.27,"9,905.95",51.47,"2,310.53",0.02,0.11,–,–,499.87,"1,451.00",29.71,91.15,0.19,0.88,29.51,90.27,470.17,"1,359.85",437.11,"1,309.12",33.06,50.73,3.26,6.52,3.44,3.07,308.69,18.01,290.68,"99,218.00","682,958.00",666.57,"121,217.76"
May-2012,5.56,"106,543.40",0.19,"40,962.20",112.36,"8,200.62",47.80,"2,189.47",0.02,0.09,–,–,522.73,"1,473.24",30.36,94.21,0.20,1.14,30.17,93.07,492.37,"1,379.03",460.26,"1,327.93",32.10,51.11,3.71,7.91,3.35,2.87,304.22,17.90,286.32,"98,074.00","671,834.00",692.34,"103,241.16"
Apr-2012,4.93,"98,722.60",0.15,"35,873.25",105.00,"8,392.10",45.77,"2,186.64",0.01,0.08,–,–,513.33,"1,433.25",29.68,102.21,0.19,1.02,29.48,101.19,483.66,"1,331.05",452.61,"1,280.33",31.04,50.72,3.60,5.76,3.18,2.35,299.67,17.77,281.90,"96,742.00","667,963.00",672.78,"97,836.36"
Mar-2012,6.34,"140,534.23",0.15,"35,814.21",129.53,"10,013.21",50.65,"2,616.37",0.02,0.09,–,–,530.65,"1,453.28",28.95,89.58,0.20,1.21,28.74,88.37,501.70,"1,363.70",471.03,"1,317.17",30.67,46.53,3.62,8.49,3.12,2.33,295.94,17.65,278.28,"95,686.00","660,920.00",720.94,"117,079.63"
Feb-2012,5.02,"107,402.24",0.16,"33,057.94",105.44,"7,602.98",45.81,"1,955.32",0.01,0.06,–,–,487.09,"1,336.78",26.77,83.04,0.20,1.08,26.57,81.97,460.32,"1,253.73",432.25,"1,209.84",28.07,43.89,2.99,5.25,2.80,1.96,291.22,17.57,273.65,"90,524.00","646,228.00",646.51,"87,068.62"
Jan-2012,5.00,"111,581.73",0.18,"34,732.73",111.09,"7,906.40",41.07,"1,965.39",0.01,0.05,–,–,494.73,"1,360.98",30.00,89.77,0.19,1.09,29.81,88.68,464.73,"1,271.21",434.05,"1,221.19",30.67,50.02,3.19,6.08,2.84,1.91,285.74,17.74,268.00,"88,838.00","635,653.00",655.26,"91,854.48"
Dec-2011,5.10,"113,223.14",0.19,"34,175.73",107.08,"8,187.95",41.97,"1,830.92",0.01,0.04,–,–,501.90,"1,376.52",28.33,85.33,0.18,1.11,28.15,84.22,473.57,"1,291.19",444.16,"1,242.37",29.41,48.82,3.08,6.36,2.67,1.98,281.47,17.67,263.80,"87,355.00","618,756.00",659.32,"97,497.81"
Nov-2011,4.70,"86,881.37",0.16,"32,664.35",109.05,"7,885.74",40.01,"1,535.20",0.01,0.04,–,–,470.66,"1,267.35",26.59,80.25,0.18,1.05,26.41,79.20,444.07,"1,187.10",417.00,"1,143.81",27.06,43.29,0.58,2.95,2.32,1.74,277.47,17.64,259.83,"85,728.00","607,157.00",625.15,"82,065.54"
Oct-2011,4.46,"72,766.33",0.14,"31,991.58",113.40,"8,530.93",50.55,"1,662.03",0.01,0.03,–,–,509.19,"1,381.06",28.83,91.05,0.19,1.08,28.64,89.98,480.37,"1,290.01",449.87,"1,234.10",30.50,55.91,2.22,5.22,2.25,1.61,273.18,17.62,255.56,"84,309.00","596,463.00",679.96,"82,455.70"
Sep-2011,4.34,"81,722.96",0.17,"36,064.27",111.28,"7,649.99",43.59,"1,561.79",0.01,0.03,–,–,461.49,"1,211.52",25.76,77.94,0.18,1.00,25.59,76.94,435.72,"1,133.58",409.67,"1,092.57",26.05,41.01,2.38,5.55,2.06,1.46,269.60,17.62,251.97,"82,989.00","586,674.00",623.24,"93,332.11"
Aug-2011,4.13,"67,016.01",0.16,"35,095.22",111.67,"7,438.30",46.44,"1,514.90",0.01,0.02,–,–,470.09,"1,250.22",27.87,81.88,0.18,1.09,27.69,80.79,442.23,"1,168.34",414.47,"1,122.74",27.75,45.61,0.68,2.14,1.98,1.36,269.06,17.58,251.48,"81,634.00","587,383.00",633.17,"83,747.24"
Jul-2011,4.13,"69,653.42",0.14,"31,679.26",116.24,"9,029.37",40.81,"1,509.56",0.00,0.02,–,–,467.03,"1,245.45",25.78,75.68,0.17,0.97,25.61,74.72,441.25,"1,169.76",414.65,"1,127.44",26.60,42.33,2.98,4.98,1.75,1.20,260.99,17.65,243.34,"80,117.00","617,853.00",631.32,"84,032.51"
Jun-2011,4.25,"92,653.63",0.15,"37,114.89",105.22,"7,654.94",39.71,"1,552.95",0.00,0.02,–,–,439.98,"1,209.25",24.36,72.87,0.17,0.96,24.18,71.91,415.63,"1,136.38",391.74,"1,098.54",23.89,37.84,2.59,4.95,1.41,0.98,257.18,17.66,239.52,"78,386.00","610,156.00",591.92,"95,227.03"
May-2011,4.28,"76,972.65",0.13,"33,113.32",112.13,"8,445.54",36.00,"1,347.04",0.00,0.01,–,–,453.37,"1,248.14",25.52,79.81,0.18,1.00,25.34,78.81,427.85,"1,168.33",403.47,"1,126.31",24.39,42.01,3.21,5.15,1.28,0.91,252.64,17.66,234.98,"76,836.00","601,024.00",609.12,"86,060.05"
Apr-2011,3.30,"59,382.87",0.10,"30,567.68",109.75,"8,666.80",35.83,"1,524.13",0.00,0.01,–,–,445.41,"1,170.23",23.40,71.52,0.17,0.96,23.23,70.55,422.01,"1,098.71",399.55,"1,061.65",22.46,37.06,3.08,4.89,1.08,0.76,248.03,17.78,230.26,"75,645.00","595,958.00",597.48,"80,118.44"
Mar-2011,4.80,"108,658.72",0.14,"34,827.78",130.80,"10,174.00",37.05,"1,657.54",–,–,–,–,44.78,103.24,23.41,69.67,–,–,23.41,69.67,21.37,33.57,–,–,21.37,33.57,–,–,–,–,245.88,18.04,227.84,–,–,99.42,"84,856.81"
Feb-2011,3.81,"77,635.01",0.12,"28,073.73",108.10,"7,978.00",37.01,"1,067.27",–,–,–,–,42.19,95.17,21.65,62.13,–,–,21.65,62.13,20.55,33.04,–,–,20.55,33.04,–,–,–,–,240.50,18.13,222.37,–,–,93.49,"58,162.69"
Jan-2011,3.83,"86,676.68",0.13,"30,657.44",110.50,"8,114.00",33.00,"1,091.40",–,–,–,–,46.32,106.47,24.08,69.35,–,–,24.08,69.35,22.23,37.13,–,–,22.23,37.13,–,–,–,–,236.35,18.14,218.21,–,–,93.76,"63,481.99"
Dec-2010,3.90,"111,051.32",0.14,"31,450.59",119.40,"8,747.00",34.67,"1,216.48",–,–,–,–,44.88,104.52,23.49,68.46,–,–,23.49,68.46,21.39,36.06,–,–,21.39,36.06,–,–,–,–,234.14,18.10,216.04,–,–,94.92,"67,603.74"
Nov-2010,4.01,"95,111.57",0.13,"31,348.66",110.40,"8,096.00",34.06,"1,009.39",–,–,–,–,43.92,106.44,23.04,69.22,–,–,23.04,69.22,20.88,37.22,–,–,20.88,37.22,–,–,–,–,230.07,18.19,211.88,–,–,92.09,"60,498.15"
Oct-2010,4.71,"82,842.52",0.15,"35,886.20",124.40,"9,078.00",41.61,"1,119.90",–,–,–,–,44.40,104.75,22.91,67.60,–,–,22.91,67.60,21.49,37.14,–,–,21.49,37.14,–,–,–,–,226.36,18.22,208.14,–,–,101.54,"70,937.64"
Sep-2010,4.10,"65,608.43",0.14,"33,502.08",108.50,"7,759.00",33.29,797.37,–,–,–,–,40.12,88.33,21.09,58.48,–,–,21.09,58.48,19.04,29.85,–,–,19.04,29.85,–,–,–,–,222.26,18.43,203.83,–,–,86.84,"69,250.37"
Aug-2010,4.20,"50,390.22",0.14,"34,172.53",117.50,"8,116.00",35.84,823.74,–,–,–,–,43.16,95.81,22.61,62.59,–,–,22.61,62.59,20.55,33.21,–,–,20.55,33.21,–,–,–,–,218.94,18.85,200.09,–,–,93.21,"67,133.09"
Jul-2010,4.16,"67,160.66",0.13,"27,451.14",118.70,"8,103.00",34.66,967.47,–,–,–,–,40.74,87.20,21.90,58.17,–,–,21.90,58.17,18.84,29.03,–,–,18.84,29.03,–,–,–,–,214.63,18.93,195.70,–,–,89.74,"60,380.60"
Jun-2010,4.09,"68,405.64",0.16,"30,364.38",110.40,"8,359.00",30.16,715.50,–,–,–,–,37.02,81.36,20.20,55.39,–,–,20.20,55.39,16.82,25.97,–,–,16.82,25.97,–,–,–,–,210.85,18.94,191.91,–,–,80.62,"64,716.33"
May-2010,3.93,"56,778.74",0.15,"33,068.28",111.10,"8,218.00",26.94,716.69,–,–,–,–,38.85,88.94,20.95,59.36,–,–,20.95,59.36,17.90,29.59,–,–,17.90,29.59,–,–,–,–,207.27,19.02,188.25,–,–,79.03,"63,276.52"
Apr-2010,3.74,"70,719.82",0.13,"33,098.52",117.50,"8,600.00",28.09,762.05,–,–,–,–,35.82,79.82,19.83,54.74,–,–,19.83,54.74,16.00,25.08,–,–,16.00,25.08,–,–,–,–,204.08,19.29,184.79,–,–,77.61,"62,237.28"
Mar-2010,4.37,"76,677.03",0.12,"34,592.82",134.05,"11,567.34",29.83,596.15,–,–,–,–,36.26,81.39,20.65,57.12,–,–,20.65,57.12,15.62,24.27,–,–,15.62,24.27,–,–,–,–,200.30,18.33,181.97,–,–,204.63,"95,004.22"
Feb-2010,3.36,"69,009.32",0.11,"32,935.94",107.64,"7,771.85",25.42,513.07,–,–,–,–,32.79,71.34,18.12,49.23,–,–,18.12,49.23,14.68,22.11,–,–,14.68,22.11,–,–,–,–,198.14,20.16,177.98,–,–,169.32,"70,138.94"
Jan-2010,3.26,"73,349.01",0.12,"30,668.07",112.47,"8,000.47",25.28,520.77,–,–,–,–,36.09,79.17,20.26,54.26,–,–,20.26,54.26,15.83,24.91,–,–,15.83,24.91,–,–,–,–,194.57,20.44,174.13,–,–,177.21,"70,814.00"
Dec-2009,3.28,"76,681.26",0.12,"32,835.95",117.73,"8,334.89",24.79,491.88,–,–,–,–,35.92,79.40,20.48,55.07,–,–,20.48,55.07,15.44,24.34,–,–,15.44,24.34,–,–,–,–,191.22,20.65,170.57,–,–,181.83,"76,486.81"
Nov-2009,2.94,"77,805.24",0.13,"31,160.88",109.21,"7,434.78",25.39,412.78,–,–,–,–,33.55,75.20,19.42,52.63,–,–,19.42,52.63,14.13,22.57,–,–,14.13,22.57,–,–,–,–,186.67,20.84,165.83,–,–,171.21,"67,036.34"
Oct-2009,2.93,"84,496.96",0.11,"31,752.55",125.05,"9,160.09",32.48,596.90,–,–,–,–,34.89,82.33,20.47,56.61,–,–,20.47,56.61,14.42,25.72,–,–,14.42,25.72,–,–,–,–,183.93,21.12,162.81,–,–,195.46,"75,327.90"
Sep-2009,2.43,"92,581.42",0.11,"34,377.66",109.17,"8,229.04",27.98,470.72,–,–,–,–,32.81,70.19,19.13,49.05,–,–,19.13,49.05,13.69,21.14,–,–,13.69,21.14,–,–,–,–,180.33,21.31,159.02,–,–,172.51,"77,932.62"
Aug-2009,2.32,"92,481.13",0.10,"31,213.07",111.52,"8,118.56",28.88,501.53,–,–,–,–,34.46,71.92,19.67,48.58,–,–,19.67,48.58,14.79,23.33,–,–,14.79,23.33,–,–,–,–,177.05,21.95,155.10,–,–,177.29,"71,864.93"
Jul-2009,2.35,"99,660.69",0.13,"32,388.76",120.09,"9,008.04",29.26,567.30,–,–,–,–,34.44,70.55,20.21,49.57,–,–,20.21,49.57,14.23,20.98,–,–,14.23,20.98,–,–,–,–,173.52,22.26,151.26,–,–,186.27,"73,828.41"
Jun-2009,2.23,"100,451.67",0.12,"34,679.40",112.24,"8,582.17",23.32,449.32,–,–,–,–,31.70,66.78,19.10,48.63,–,–,19.10,48.63,12.59,18.15,–,–,12.59,18.15,–,–,–,–,169.23,22.84,146.39,–,–,169.60,"77,249.16"
May-2009,1.98,"93,675.48",0.11,"32,775.24",110.23,"8,514.48",21.14,359.32,–,–,–,–,30.91,67.04,18.20,48.16,–,–,18.20,48.16,12.71,18.88,–,–,12.71,18.88,–,–,–,–,167.08,24.05,143.03,–,–,164.37,"71,036.52"
Apr-2009,1.82,"74,830.10",0.10,"28,015.48",110.90,"9,377.69",19.98,486.70,–,–,–,–,30.59,67.11,18.54,49.32,–,–,18.54,49.32,12.05,17.78,–,–,12.05,17.78,–,–,–,–,164.92,24.37,140.55,–,–,163.38,"66,157.87"
Mar-2009,1.94,"65,746.48",0.10,"33,129.08",124.71,"12,164.45",22.21,393.86,–,–,–,–,32.43,65.18,20.70,49.46,–,–,20.70,49.46,11.72,15.71,–,–,11.72,15.71,–,–,–,–,162.13,24.70,137.43,–,–,181.38,"82,231.00"
Feb-2009,1.50,"55,820.80",0.08,"24,757.47",108.80,"8,599.82",23.77,344.87,–,–,–,–,30.64,61.95,19.60,46.59,–,–,19.60,46.59,11.04,15.35,–,–,11.04,15.35,–,–,–,–,159.75,25.51,134.24,–,–,164.79,"59,281.17"
Jan-2009,1.44,"56,259.33",0.11,"28,042.21",113.86,"9,389.10",22.22,426.34,–,–,–,–,33.66,68.89,21.79,51.71,–,–,21.79,51.71,11.87,17.18,–,–,11.87,17.18,–,–,–,–,157.29,25.87,131.42,–,–,171.29,"64,179.06"
Dec-2008,1.37,"52,941.24",0.13,"30,908.32",117.34,"9,369.48",21.62,345.53,–,–,–,–,34.45,69.83,22.60,53.11,–,–,22.60,53.11,11.86,16.72,–,–,11.86,16.72,–,–,–,–,153.69,26.15,127.53,–,–,174.91,"68,747.29"
Nov-2008,1.14,"40,130.12",0.10,"25,689.92",110.44,"8,964.51",22.20,346.11,–,–,–,–,31.09,69.14,20.57,53.55,–,–,20.57,53.55,10.51,15.58,–,–,10.51,15.58,–,–,–,–,152.09,26.57,125.51,–,–,164.97,"58,461.47"
Oct-2008,1.09,"57,095.03",0.10,"24,365.02",124.77,"10,724.97",28.71,413.63,–,–,–,–,35.55,84.03,23.65,64.42,–,–,23.65,64.42,11.90,19.61,–,–,11.90,19.61,–,–,–,–,148.64,26.68,121.96,–,–,190.22,"62,979.79"
Sep-2008,0.95,"54,670.11",0.11,"26,307.87",112.08,"10,454.07",25.32,319.70,–,–,–,–,32.31,71.49,21.92,56.36,–,–,21.92,56.36,10.40,15.13,–,–,10.40,15.13,–,–,–,–,146.56,26.82,119.74,–,–,170.77,"66,786.81"
Aug-2008,0.85,"41,007.97",0.10,"23,536.01",114.43,"10,006.94",27.76,302.54,–,–,–,–,33.87,75.39,22.63,58.01,–,–,22.63,58.01,11.24,17.37,–,–,11.24,17.37,–,–,–,–,140.80,26.73,114.06,–,–,177.02,"57,992.10"
Jul-2008,0.87,"49,624.69",0.10,"24,897.61",122.39,"11,150.84",24.86,388.18,–,–,–,–,32.55,69.73,22.50,55.78,–,–,22.45,55.78,10.05,13.94,–,–,10.05,13.94,–,–,–,–,139.91,26.87,113.04,–,–,180.77,"63,388.51"
Jun-2008,0.79,"45,139.61",0.09,"26,533.37",112.54,"10,734.08",21.56,259.45,–,–,–,–,29.91,65.49,20.62,52.62,–,–,20.62,52.62,9.29,12.87,–,–,9.29,12.87,–,–,–,–,137.17,27.02,110.15,–,–,164.89,"63,572.06"
May-2008,0.76,"44,484.17",0.11,"26,473.08",117.14,"11,054.12",19.87,305.11,–,–,–,–,30.83,69.55,21.50,55.82,–,–,21.50,55.82,9.33,13.74,–,–,9.33,13.74,–,–,–,–,134.99,26.73,108.25,–,–,168.70,"62,558.23"
Apr-2008,0.68,"48,479.57",0.08,"25,527.97",118.91,"12,078.97",20.51,318.86,–,–,–,–,29.99,68.37,21.55,56.11,–,–,21.55,56.11,8.44,12.26,–,–,8.44,12.26,–,–,–,–,133.30,28.31,104.99,–,–,170.17,"62,483.83"
Mar-2008,0.72,"47,118.03",0.09,"26,782.82",127.94,"13,093.61",19.28,312.59,–,–,–,–,29.76,64.88,21.05,53.00,–,–,21.05,53.00,8.72,11.88,–,–,8.72,11.88,–,–,–,–,129.98,27.55,102.44,–,–,177.79,"68,025.95"
Feb-2008,0.64,"47,011.99",0.10,"28,041.33",124.41,"11,564.47",22.46,"6,909.22",–,–,–,–,28.05,63.16,19.89,51.83,–,–,19.89,51.83,8.16,11.32,–,–,8.16,11.32,–,–,–,–,126.48,26.88,99.60,–,–,175.66,"72,845.96"
Jan-2008,0.64,"51,595.20",0.11,"27,686.10",131.39,"12,997.98",18.51,279.30,–,–,–,–,28.88,65.92,20.72,54.51,–,–,20.72,54.51,8.15,11.41,–,–,8.15,11.41,–,–,–,–,123.42,26.63,96.79,–,–,179.53,"70,377.40"
Dec-2007,0.55,"39,160.30",0.08,"20,900.76",124.29,"11,494.30",18.45,316.21,–,–,–,–,28.32,65.94,20.25,53.63,–,–,20.25,53.63,8.07,12.31,–,–,8.07,12.31,–,–,–,–,120.93,26.25,94.69,–,–,171.69,"54,828.66"
Nov-2007,0.52,"40,727.78",0.08,"19,735.28",118.05,"11,980.38",20.31,262.91,–,–,–,–,28.33,66.35,19.94,53.75,–,–,19.94,53.75,8.38,12.60,–,–,8.38,12.60,–,–,–,–,118.13,25.87,92.26,–,–,167.29,"54,869.33"
Oct-2007,0.48,"49,491.74",0.10,"24,894.58",130.96,"11,183.85",20.78,311.98,–,–,–,–,28.52,63.18,20.75,52.01,–,–,20.75,52.01,7.77,11.17,–,–,7.77,11.17,–,–,–,–,115.32,25.62,89.71,–,–,180.84,"57,995.67"
Sep-2007,0.41,"41,539.81",0.08,"22,354.12",110.62,"9,824.42",17.10,234.17,–,–,–,–,24.31,52.68,17.42,43.15,–,–,17.42,43.15,6.89,9.53,–,–,6.89,9.53,–,–,–,–,112.79,25.14,87.65,–,–,152.52,"53,659.47"
Aug-2007,0.42,"39,464.80",0.09,"22,385.38",121.52,"9,952.82",18.86,226.50,–,–,–,–,26.07,56.09,18.84,46.01,–,–,18.84,46.01,7.23,10.09,–,–,7.23,10.09,–,–,–,–,109.90,24.95,84.95,–,–,166.96,"54,336.62"
Jul-2007,0.40,"33,901.28",0.10,"19,975.13",122.57,"10,337.67",39.61,"1,552.13",–,–,–,–,41.84,82.34,17.95,44.51,–,–,17.95,44.51,23.89,37.84,–,–,23.89,37.84,–,–,–,–,106.46,24.49,81.97,–,–,204.51,"54,188.23"
Jun-2007,0.38,"31,851.38",0.09,"18,133.73",114.03,"10,201.64",36.00,"1,347.02",–,–,–,–,41.57,83.92,17.19,41.91,–,–,17.19,41.91,24.39,42.01,–,–,24.39,42.01,–,–,–,–,103.96,24.40,79.57,–,–,192.07,"50,428.04"
May-2007,0.37,"30,561.83",0.08,"16,901.98",117.89,"11,123.04",35.84,"1,524.12",–,–,–,–,39.93,80.02,17.47,42.96,–,–,17.47,42.96,22.46,37.06,–,–,22.46,37.06,–,–,–,–,102.59,24.13,78.46,–,–,194.11,"47,718.36"
Apr-2007,0.33,"30,521.45",0.09,"16,611.42",116.90,"10,206.49",37.05,"1,657.54",–,–,–,–,38.11,76.15,16.74,42.58,–,–,16.74,42.58,21.37,33.57,–,–,21.37,33.57,–,–,–,–,99.37,23.50,75.87,–,–,192.48,"48,027.25"
Mar-2007,0.37,"35,804.62",0.08,"16,270.12",132.47,"12,809.99",37.01,"1,067.27",–,–,–,–,36.37,74.04,15.83,40.99,–,–,15.83,40.99,20.55,33.04,–,–,20.55,33.04,–,–,–,–,98.10,23.12,74.98,–,–,206.30,"51,806.95"
Feb-2007,0.31,"24,923.96",0.07,"13,988.66",115.20,"10,092.36",33.00,"1,091.40",–,–,–,–,36.96,75.88,14.73,38.75,–,–,14.73,38.75,22.23,37.13,–,–,22.23,37.13,–,–,–,–,94.68,22.65,72.03,–,–,185.53,"41,262.81"
Jan-2007,0.30,"25,117.46",0.08,"13,706.67",114.40,"11,515.67",34.67,"1,216.48",–,–,–,–,37.58,77.16,16.19,41.10,–,–,16.19,41.10,21.39,36.06,–,–,21.39,36.06,–,–,–,–,91.95,22.11,69.84,–,–,187.03,"40,915.39"
Dec-2006,0.41,"26,735.09",0.07,"13,594.81",113.67,"10,061.91",34.06,"1,009.39",–,–,–,–,36.07,76.06,15.19,38.84,–,–,15.19,38.84,20.88,37.22,–,–,20.88,37.22,–,–,–,–,90.53,21.60,68.93,–,–,184.27,"42,133.37"
Nov-2006,0.39,"24,167.42",0.10,"16,635.23",115.62,"9,750.51",41.61,"1,119.90",–,–,–,–,35.45,73.17,13.96,36.02,–,–,13.96,36.02,21.49,37.14,–,–,21.49,37.14,–,–,–,–,87.52,21.10,66.42,–,–,193.17,"44,753.73"
Oct-2006,0.34,"19,302.89",0.06,"12,511.24",110.48,"9,206.02",33.29,797.37,–,–,–,–,34.20,69.77,15.17,39.92,–,–,15.17,39.92,19.04,29.85,–,–,19.04,29.85,–,–,–,–,86.34,20.49,65.86,–,–,178.38,"36,678.84"
Sep-2006,0.33,"21,207.84",0.08,"13,742.15",110.89,"10,036.43",35.84,823.74,–,–,–,–,34.17,65.91,13.62,32.70,–,–,13.62,32.70,20.55,33.21,–,–,20.55,33.21,–,–,–,–,81.44,20.04,61.40,–,–,181.31,"39,887.24"
Aug-2006,0.33,"13,878.72",0.07,"12,724.86",115.06,"9,377.57",34.66,967.47,–,–,–,–,32.81,61.15,13.98,32.12,–,–,13.98,32.12,18.84,29.03,–,–,18.84,29.03,–,–,–,–,78.53,19.57,58.96,–,–,182.94,"37,009.77"
Jul-2006,0.30,"13,464.66",0.06,"11,865.74",109.49,"8,756.09",11.84,169.18,–,–,–,–,18.30,35.77,13.37,29.57,–,–,13.37,29.57,4.93,6.20,–,–,4.93,6.20,–,–,–,–,76.34,19.03,57.31,–,–,139.99,"34,291.44"
Jun-2006,0.29,"14,374.08",0.07,"12,989.34",107.45,"9,354.56",10.74,94.39,–,–,–,–,16.81,33.31,12.55,27.74,–,–,12.55,27.74,4.26,5.57,–,–,4.26,5.57,–,–,–,–,73.26,18.58,54.69,–,–,135.36,"36,845.67"
May-2006,0.28,"15,057.70",0.07,"14,114.87",114.15,"9,934.52",9.37,158.97,–,–,–,–,17.63,35.57,13.19,29.71,–,–,13.19,29.71,4.44,5.86,–,–,4.44,5.86,–,–,–,–,70.75,18.06,52.70,–,–,141.50,"39,301.63"
Apr-2006,0.23,"12,157.39",0.06,"11,190.17",108.41,"9,528.62",8.94,101.51,–,–,–,–,15.92,31.56,11.77,26.16,–,–,11.77,26.16,4.15,5.41,–,–,4.15,5.41,–,–,–,–,69.53,17.72,51.81,–,–,133.56,"33,009.25"
Mar-2006,0.25,"14,099.49",0.06,"13,127.61",127.93,"11,740.11",7.64,93.43,–,–,–,–,18.89,36.50,14.75,31.16,–,–,14.75,31.16,4.14,5.34,–,–,4.14,5.34,–,–,–,–,–,–,–,–,–,154.53,"24,997.65"
Feb-2006,0.19,"9,497.49",0.06,"10,916.91",108.86,"9,148.26",8.34,88.13,–,–,–,–,17.31,33.44,13.49,28.73,–,–,13.49,28.73,3.82,4.71,–,–,3.82,4.71,–,–,–,–,–,–,–,–,–,134.57,"20,186.74"
Jan-2006,0.18,"10,874.55",0.07,"10,838.02",112.49,"9,276.33",7.38,85.70,–,–,–,–,18.77,34.69,14.71,29.59,–,–,14.71,29.59,4.07,5.10,–,–,4.07,5.10,–,–,–,–,–,–,–,–,–,138.71,"20,234.73"
Dec-2005,0.18,"13,088.18",0.07,"10,382.00",113.45,"9,959.31",7.27,82.45,–,–,–,–,18.65,33.77,14.62,28.66,–,–,14.62,28.66,4.04,5.11,–,–,4.04,5.11,–,–,–,–,–,–,–,–,–,139.44,"20,457.54"
Nov-2005,0.15,"10,265.89",0.06,"8,586.57",99.43,"8,291.69",6.27,75.70,–,–,–,–,17.94,32.30,14.33,27.56,–,–,14.33,27.56,3.61,4.74,–,–,3.61,4.74,–,–,–,–,–,–,–,–,–,123.70,"16,986.26"
Oct-2005,0.16,"10,469.56",0.06,"9,034.80",116.89,"9,570.67",7.71,98.26,–,–,–,–,14.59,29.62,10.41,25.05,–,–,10.41,25.05,4.19,4.56,–,–,4.19,4.56,–,–,–,–,–,–,–,–,–,139.26,"18,733.34"
Sep-2005,0.14,"9,811.64",0.06,"7,992.09",94.63,"8,227.77",7.62,97.09,–,–,–,–,15.28,29.77,11.90,26.01,–,–,11.90,26.01,3.37,3.76,–,–,3.37,3.76,–,–,–,–,–,–,–,–,–,117.59,"16,346.72"
Aug-2005,0.13,"8,713.87",0.06,"8,846.28",106.08,"8,491.12",7.76,95.94,–,–,–,–,15.76,34.80,12.34,30.60,–,–,12.34,30.60,3.42,4.20,–,–,3.42,4.20,–,–,–,–,–,–,–,–,–,129.66,"17,468.13"
Jul-2005,0.11,"8,126.62",0.05,"7,081.78",108.30,"8,292.75",6.56,96.70,–,–,–,–,16.64,31.70,12.68,26.76,–,–,12.68,26.76,3.96,4.95,–,–,3.96,4.95,–,–,–,–,–,–,–,–,–,131.55,"15,502.93"
Jun-2005,0.11,"8,308.19",0.07,"7,933.91",99.88,"9,850.37",6.44,91.41,–,–,–,–,15.67,33.49,12.16,27.14,–,–,12.16,27.14,3.51,6.35,–,–,3.51,6.35,–,–,–,–,–,–,–,–,–,122.05,"17,909.17"
May-2005,0.10,"6,305.58",0.06,"7,022.64",96.32,"10,197.61",4.97,80.10,–,–,–,–,16.65,36.91,12.92,32.11,–,–,12.92,32.11,3.74,4.80,–,–,3.74,4.80,–,–,–,–,–,–,–,–,–,118.00,"17,337.26"
Apr-2005,0.07,"5,847.30",0.04,"5,758.08",102.51,"10,245.37",5.29,81.09,–,–,–,–,15.61,30.84,11.78,25.49,–,–,11.78,25.49,3.83,5.35,–,–,3.83,5.35,–,–,–,–,–,–,–,–,–,123.45,"16,115.38"
Mar-2005,0.07,"5,825.66",0.06,"7,290.98",–,–,4.84,80.38,–,–,–,–,15.47,29.49,11.85,24.82,–,–,11.85,24.82,3.62,4.67,–,–,3.62,4.67,–,–,–,–,–,–,–,–,–,20.36,"7,400.86"
Feb-2005,0.06,"5,609.82",0.06,"7,125.82",–,–,5.22,63.85,–,–,–,–,14.27,26.66,10.68,22.02,–,–,10.68,22.02,3.59,4.64,–,–,3.59,4.64,–,–,–,–,–,–,–,–,–,19.55,"7,216.33"
Jan-2005,0.06,"5,563.14",0.05,"6,163.42",–,–,5.25,74.22,–,–,–,–,15.22,27.91,11.66,23.32,–,–,11.66,23.32,3.56,4.60,–,–,3.56,4.60,–,–,–,–,–,–,–,–,–,20.53,"6,265.56"
Dec-2004,0.06,"5,657.83",0.07,"7,813.18",–,–,4.62,77.98,–,–,–,–,14.87,28.33,11.34,23.77,–,–,11.34,23.77,3.53,4.56,–,–,3.53,4.56,–,–,–,–,–,–,–,–,–,19.55,"7,919.49"
Nov-2004,0.05,"4,234.17",0.05,"6,323.81",–,–,5.10,67.85,–,–,–,–,15.75,29.32,12.25,24.80,–,–,12.25,24.80,3.50,4.52,–,–,3.50,4.52,–,–,–,–,–,–,–,–,–,20.90,"6,420.98"
Oct-2004,0.04,"4,248.08",0.05,"5,566.55",–,–,5.44,56.26,–,–,–,–,14.78,27.00,11.31,22.52,–,–,11.31,22.52,3.47,4.48,–,–,3.47,4.48,–,–,–,–,–,–,–,–,–,20.27,"5,649.81"
Sep-2004,0.04,"3,470.41",0.05,"6,303.02",–,–,4.14,58.48,–,–,–,–,13.50,24.49,10.06,20.04,–,–,10.06,20.04,3.45,4.45,–,–,3.45,4.45,–,–,–,–,–,–,–,–,–,17.69,"6,385.98"
Aug-2004,0.03,"2,553.83",0.05,"5,334.61",–,–,4.98,72.19,–,–,–,–,14.21,25.04,10.79,20.63,–,–,10.79,20.63,3.42,4.41,–,–,3.42,4.41,–,–,–,–,–,–,–,–,–,19.23,"5,431.84"
Jul-2004,0.02,"1,407.14",0.06,"6,351.20",–,–,6.32,68.24,–,–,–,–,13.15,22.97,9.77,18.60,–,–,9.77,18.60,3.39,4.37,–,–,3.39,4.37,–,–,–,–,–,–,–,–,–,19.53,"6,442.41"
Jun-2004,0.02,"1,190.41",0.06,"6,270.37",–,–,4.29,48.40,–,–,–,–,13.70,23.43,10.34,19.09,–,–,10.34,19.09,3.36,4.34,–,–,3.36,4.34,–,–,–,–,–,–,–,–,–,18.06,"6,342.20"
May-2004,0.01,820.65,0.06,"6,222.24",–,–,3.27,47.87,–,–,–,–,13.19,23.28,9.86,18.98,–,–,9.86,18.98,3.33,4.30,–,–,3.33,4.30,–,–,–,–,–,–,–,–,–,16.52,"6,293.40"
Apr-2004,0.00,80.69,0.07,"6,348.00",–,–,4.44,61.29,–,–,–,–,12.88,22.55,9.57,18.29,–,–,9.57,18.29,3.31,4.27,–,–,3.31,4.27,–,–,–,–,–,–,–,–,–,17.38,"6,431.84"
